{"cameraMode":{"drawMode":0,"name":"Shaded","section":"Shading Mode"},"sceneLighting":true,"audioPlay":false,"sceneViewState":{"m_AlwaysRefresh":false,"showFog":true,"showSkybox":true,"showFlares":true,"showImageEffects":true,"showParticleSystems":true,"showVisualEffectGraphs":true,"m_FxEnabled":true},"in2DMode":false,"pivot":{"x":-0.15391471982002259,"y":7.917423248291016,"z":25.43545913696289},"rotation":{"x":0.008999424055218697,"y":0.004499548114836216,"z":-0.00004046728281537071,"w":0.9999483823776245},"size":22.599987030029298,"orthographic":false}