{"cameraMode":{"drawMode":0,"name":"Shaded","section":"Shading Mode"},"sceneLighting":true,"audioPlay":false,"sceneViewState":{"m_AlwaysRefresh":false,"showFog":true,"showSkybox":true,"showFlares":true,"showImageEffects":true,"showParticleSystems":true,"showVisualEffectGraphs":true,"m_FxEnabled":true},"in2DMode":false,"pivot":{"x":0.27797964215278628,"y":6.481852054595947,"z":22.645681381225587},"rotation":{"x":0.004499605391174555,"y":0.0029997271485626699,"z":-0.000013459447472996544,"w":0.9999838471412659},"size":20.49999237060547,"orthographic":false}