{"cameraMode":{"drawMode":0,"name":"Shaded","section":"Shading Mode"},"sceneLighting":true,"audioPlay":false,"sceneViewState":{"m_AlwaysRefresh":false,"showFog":true,"showSkybox":true,"showFlares":true,"showImageEffects":true,"showParticleSystems":true,"showVisualEffectGraphs":true,"m_FxEnabled":true},"in2DMode":false,"pivot":{"x":-0.5100833177566528,"y":-4.731591701507568,"z":10.914961814880371},"rotation":{"x":0.14379221200942994,"y":-0.01602257415652275,"z":0.002328540664166212,"w":0.9894881248474121},"size":11.289263725280762,"orthographic":false}